[{"model": "home.homepage", "pk": 3, "fields": {"body": "<p>Blog de Juan Luis Millán</p>"}}, {"model": "home.homepage", "pk": 4, "fields": {"body": "<p>kifwefiefjpe jwerjwpoejrpwejr</p>"}}, {"model": "home.homepage", "pk": 5, "fields": {"body": "<p>¿Qué es Lorem Ipsum?</p><p>Lorem Ipsum es simplemente el texto de relleno de las imprentas y archivos de texto. Lorem Ipsum ha sido el texto de relleno estándar de las industrias desde el año 1500, cuando un impresor (N. del T. persona que se dedica a la imprenta) desconocido usó una galería de textos y los mezcló de tal manera que logró hacer un libro de textos especimen. No sólo sobrevivió 500 años, sino que tambien ingresó como texto de relleno en documentos electrónicos, quedando esencialmente igual al original. Fue popularizado en los 60s con la creación de las hojas &quot;Letraset&quot;, las cuales contenian pasajes de Lorem Ipsum, y más recientemente con software de autoedición, como por ejemplo Aldus PageMaker, el cual incluye versiones de Lorem Ipsum.</p>"}}, {"model": "wagtailusers.userprofile", "pk": 1, "fields": {"user": 1, "submitted_notifications": true, "approved_notifications": true, "rejected_notifications": true, "preferred_language": "", "current_time_zone": "", "avatar": "avatar_images/avatar_ca775350-1cf4-4024-ae5d-f888f2d9c524_alena-aenami-lunar-cover.jpg"}}, {"model": "wagtaildocs.document", "pk": 1, "fields": {"collection": 1, "title": "python_aplicación_escenario", "file": "documents/python_aplicación_escenario", "created_at": "2021-01-18T10:31:11.513Z", "uploaded_by_user": 1, "file_size": 372, "file_hash": "ea61a54d54b43c5af8e8f50c3266e5eb082a81d5"}}, {"model": "wagtailimages.image", "pk": 1, "fields": {"collection": 1, "title": "IMG_20190711_083846-1.jpg", "file": "original_images/IMG_20190711_083846-1.jpg", "width": 4608, "height": 3456, "created_at": "2021-01-18T10:30:02.451Z", "uploaded_by_user": 1, "focal_point_x": null, "focal_point_y": null, "focal_point_width": null, "focal_point_height": null, "file_size": 6030530, "file_hash": "26214327a0206ce7c65f80e63d0971702e9239ee"}}, {"model": "wagtailimages.image", "pk": 2, "fields": {"collection": 1, "title": "jmlh.png", "file": "original_images/jmlh.png", "width": 500, "height": 500, "created_at": "2021-01-18T17:45:56.857Z", "uploaded_by_user": 1, "focal_point_x": null, "focal_point_y": null, "focal_point_width": null, "focal_point_height": null, "file_size": 15407, "file_hash": "58ab0810e84f4887cfc361ae65425d960e39ecbd"}}, {"model": "wagtailimages.rendition", "pk": 1, "fields": {"filter_spec": "max-165x165", "file": "images/IMG_20190711_083846-1.max-165x165.jpg", "width": 123, "height": 165, "focal_point_key": "", "image": 1}}, {"model": "wagtailimages.rendition", "pk": 2, "fields": {"filter_spec": "max-165x165", "file": "images/jmlh.max-165x165.png", "width": 165, "height": 165, "focal_point_key": "", "image": 2}}, {"model": "wagtailcore.site", "pk": 2, "fields": {"hostname": "localhost", "port": 80, "site_name": "", "root_page": 3, "is_default_site": true}}, {"model": "wagtailcore.locale", "pk": 1, "fields": {"language_code": "en"}}, {"model": "wagtailcore.page", "pk": 1, "fields": {"path": "0001", "depth": 1, "numchild": 1, "translation_key": "540039e4-fc6b-452d-9636-9597d12cb568", "locale": 1, "title": "Root", "draft_title": "Root", "slug": "root", "content_type": 1, "live": true, "has_unpublished_changes": false, "url_path": "/", "owner": null, "seo_title": "", "show_in_menus": false, "search_description": "", "go_live_at": null, "expire_at": null, "expired": false, "locked": false, "locked_at": null, "locked_by": null, "first_published_at": null, "last_published_at": null, "latest_revision_created_at": null, "live_revision": null, "alias_of": null}}, {"model": "wagtailcore.page", "pk": 3, "fields": {"path": "00010001", "depth": 2, "numchild": 2, "translation_key": "c721008d-54bd-45a3-9a7c-ac14a22b347d", "locale": 1, "title": "Juan Luis Millán", "draft_title": "Juan Luis Millán", "slug": "home", "content_type": 2, "live": true, "has_unpublished_changes": false, "url_path": "/home/", "owner": null, "seo_title": "Blog de Juan Luis Millán", "show_in_menus": true, "search_description": "", "go_live_at": null, "expire_at": null, "expired": false, "locked": false, "locked_at": null, "locked_by": null, "first_published_at": "2021-01-18T10:09:32.676Z", "last_published_at": "2021-01-18T10:09:32.676Z", "latest_revision_created_at": "2021-01-18T10:09:32.603Z", "live_revision": 3, "alias_of": null}}, {"model": "wagtailcore.page", "pk": 4, "fields": {"path": "000100010001", "depth": 3, "numchild": 0, "translation_key": "82b5b92c-96ad-43d8-b564-5aeab0910a8b", "locale": 1, "title": "Articulo 1", "draft_title": "Articulo 1", "slug": "articulo-1", "content_type": 2, "live": true, "has_unpublished_changes": false, "url_path": "/home/articulo-1/", "owner": 1, "seo_title": "", "show_in_menus": false, "search_description": "", "go_live_at": null, "expire_at": null, "expired": false, "locked": false, "locked_at": null, "locked_by": null, "first_published_at": "2021-01-18T09:50:03.424Z", "last_published_at": "2021-01-18T09:50:03.424Z", "latest_revision_created_at": "2021-01-18T09:50:03.340Z", "live_revision": 2, "alias_of": null}}, {"model": "wagtailcore.page", "pk": 5, "fields": {"path": "000100010002", "depth": 3, "numchild": 0, "translation_key": "fef62853-5493-4bfe-993c-1e1aec472929", "locale": 1, "title": "Pruebas", "draft_title": "Pruebas", "slug": "pruebas", "content_type": 2, "live": true, "has_unpublished_changes": false, "url_path": "/home/pruebas/", "owner": 1, "seo_title": "", "show_in_menus": false, "search_description": "", "go_live_at": null, "expire_at": null, "expired": false, "locked": false, "locked_at": null, "locked_by": null, "first_published_at": "2021-01-18T10:10:26.445Z", "last_published_at": "2021-01-18T10:10:26.445Z", "latest_revision_created_at": "2021-01-18T10:10:26.397Z", "live_revision": 5, "alias_of": null}}, {"model": "wagtailcore.pagerevision", "pk": 1, "fields": {"page": 3, "submitted_for_moderation": false, "created_at": "2021-01-18T09:49:16.605Z", "user": 1, "content_json": "{\"pk\": 3, \"path\": \"00010001\", \"depth\": 2, \"numchild\": 0, \"translation_key\": \"c721008d-54bd-45a3-9a7c-ac14a22b347d\", \"locale\": 1, \"title\": \"Juan Luis Mill\\u00e1n\", \"draft_title\": \"Home\", \"slug\": \"home\", \"content_type\": 2, \"live\": true, \"has_unpublished_changes\": false, \"url_path\": \"/home/\", \"owner\": null, \"seo_title\": \"\", \"show_in_menus\": false, \"search_description\": \"\", \"go_live_at\": null, \"expire_at\": null, \"expired\": false, \"locked\": false, \"locked_at\": null, \"locked_by\": null, \"first_published_at\": null, \"last_published_at\": null, \"latest_revision_created_at\": null, \"live_revision\": null, \"alias_of\": null, \"body\": \"<p>Blog de Juan Luis Mill\\u00e1n</p>\"}", "approved_go_live_at": null}}, {"model": "wagtailcore.pagerevision", "pk": 2, "fields": {"page": 4, "submitted_for_moderation": false, "created_at": "2021-01-18T09:50:03.340Z", "user": 1, "content_json": "{\"pk\": 4, \"path\": \"000100010001\", \"depth\": 3, \"numchild\": 0, \"translation_key\": \"82b5b92c-96ad-43d8-b564-5aeab0910a8b\", \"locale\": 1, \"title\": \"Articulo 1\", \"draft_title\": \"Articulo 1\", \"slug\": \"articulo-1\", \"content_type\": 2, \"live\": true, \"has_unpublished_changes\": false, \"url_path\": \"/home/articulo-1/\", \"owner\": 1, \"seo_title\": \"\", \"show_in_menus\": false, \"search_description\": \"\", \"go_live_at\": null, \"expire_at\": null, \"expired\": false, \"locked\": false, \"locked_at\": null, \"locked_by\": null, \"first_published_at\": null, \"last_published_at\": null, \"latest_revision_created_at\": null, \"live_revision\": null, \"alias_of\": null, \"body\": \"<p>kifwefiefjpe jwerjwpoejrpwejr</p>\"}", "approved_go_live_at": null}}, {"model": "wagtailcore.pagerevision", "pk": 3, "fields": {"page": 3, "submitted_for_moderation": false, "created_at": "2021-01-18T10:09:32.603Z", "user": 1, "content_json": "{\"pk\": 3, \"path\": \"00010001\", \"depth\": 2, \"numchild\": 1, \"translation_key\": \"c721008d-54bd-45a3-9a7c-ac14a22b347d\", \"locale\": 1, \"title\": \"Juan Luis Mill\\u00e1n\", \"draft_title\": \"Juan Luis Mill\\u00e1n\", \"slug\": \"home\", \"content_type\": 2, \"live\": true, \"has_unpublished_changes\": true, \"url_path\": \"/home/\", \"owner\": null, \"seo_title\": \"Blog de Juan Luis Mill\\u00e1n\", \"show_in_menus\": true, \"search_description\": \"\", \"go_live_at\": null, \"expire_at\": null, \"expired\": false, \"locked\": false, \"locked_at\": null, \"locked_by\": null, \"first_published_at\": null, \"last_published_at\": null, \"latest_revision_created_at\": \"2021-01-18T09:49:16.605Z\", \"live_revision\": null, \"alias_of\": null, \"body\": \"<p>Blog de Juan Luis Mill\\u00e1n</p>\"}", "approved_go_live_at": null}}, {"model": "wagtailcore.pagerevision", "pk": 4, "fields": {"page": 5, "submitted_for_moderation": false, "created_at": "2021-01-18T10:10:20.998Z", "user": 1, "content_json": "{\"pk\": 5, \"path\": \"000100010002\", \"depth\": 3, \"numchild\": 0, \"translation_key\": \"fef62853-5493-4bfe-993c-1e1aec472929\", \"locale\": 1, \"title\": \"Pruebas\", \"draft_title\": \"Pruebas\", \"slug\": \"pruebas\", \"content_type\": 2, \"live\": false, \"has_unpublished_changes\": false, \"url_path\": \"/home/pruebas/\", \"owner\": 1, \"seo_title\": \"\", \"show_in_menus\": false, \"search_description\": \"\", \"go_live_at\": null, \"expire_at\": null, \"expired\": false, \"locked\": false, \"locked_at\": null, \"locked_by\": null, \"first_published_at\": null, \"last_published_at\": null, \"latest_revision_created_at\": null, \"live_revision\": null, \"alias_of\": null, \"body\": \"<p>\\u00bfQu\\u00e9 es Lorem Ipsum?</p><p>Lorem Ipsum es simplemente el texto de relleno de las imprentas y archivos de texto. Lorem Ipsum ha sido el texto de relleno est\\u00e1ndar de las industrias desde el a\\u00f1o 1500, cuando un impresor (N. del T. persona que se dedica a la imprenta) desconocido us\\u00f3 una galer\\u00eda de textos y los mezcl\\u00f3 de tal manera que logr\\u00f3 hacer un libro de textos especimen. No s\\u00f3lo sobrevivi\\u00f3 500 a\\u00f1os, sino que tambien ingres\\u00f3 como texto de relleno en documentos electr\\u00f3nicos, quedando esencialmente igual al original. Fue popularizado en los 60s con la creaci\\u00f3n de las hojas &quot;Letraset&quot;, las cuales contenian pasajes de Lorem Ipsum, y m\\u00e1s recientemente con software de autoedici\\u00f3n, como por ejemplo Aldus PageMaker, el cual incluye versiones de Lorem Ipsum.</p>\"}", "approved_go_live_at": null}}, {"model": "wagtailcore.pagerevision", "pk": 5, "fields": {"page": 5, "submitted_for_moderation": false, "created_at": "2021-01-18T10:10:26.397Z", "user": 1, "content_json": "{\"pk\": 5, \"path\": \"000100010002\", \"depth\": 3, \"numchild\": 0, \"translation_key\": \"fef62853-5493-4bfe-993c-1e1aec472929\", \"locale\": 1, \"title\": \"Pruebas\", \"draft_title\": \"Pruebas\", \"slug\": \"pruebas\", \"content_type\": 2, \"live\": false, \"has_unpublished_changes\": true, \"url_path\": \"/home/pruebas/\", \"owner\": 1, \"seo_title\": \"\", \"show_in_menus\": false, \"search_description\": \"\", \"go_live_at\": null, \"expire_at\": null, \"expired\": false, \"locked\": false, \"locked_at\": null, \"locked_by\": null, \"first_published_at\": null, \"last_published_at\": null, \"latest_revision_created_at\": \"2021-01-18T10:10:20.998Z\", \"live_revision\": null, \"alias_of\": null, \"body\": \"<p>\\u00bfQu\\u00e9 es Lorem Ipsum?</p><p>Lorem Ipsum es simplemente el texto de relleno de las imprentas y archivos de texto. Lorem Ipsum ha sido el texto de relleno est\\u00e1ndar de las industrias desde el a\\u00f1o 1500, cuando un impresor (N. del T. persona que se dedica a la imprenta) desconocido us\\u00f3 una galer\\u00eda de textos y los mezcl\\u00f3 de tal manera que logr\\u00f3 hacer un libro de textos especimen. No s\\u00f3lo sobrevivi\\u00f3 500 a\\u00f1os, sino que tambien ingres\\u00f3 como texto de relleno en documentos electr\\u00f3nicos, quedando esencialmente igual al original. Fue popularizado en los 60s con la creaci\\u00f3n de las hojas &quot;Letraset&quot;, las cuales contenian pasajes de Lorem Ipsum, y m\\u00e1s recientemente con software de autoedici\\u00f3n, como por ejemplo Aldus PageMaker, el cual incluye versiones de Lorem Ipsum.</p>\"}", "approved_go_live_at": null}}, {"model": "wagtailcore.grouppagepermission", "pk": 1, "fields": {"group": 1, "page": 1, "permission_type": "add"}}, {"model": "wagtailcore.grouppagepermission", "pk": 2, "fields": {"group": 1, "page": 1, "permission_type": "edit"}}, {"model": "wagtailcore.grouppagepermission", "pk": 3, "fields": {"group": 1, "page": 1, "permission_type": "publish"}}, {"model": "wagtailcore.grouppagepermission", "pk": 4, "fields": {"group": 2, "page": 1, "permission_type": "add"}}, {"model": "wagtailcore.grouppagepermission", "pk": 5, "fields": {"group": 2, "page": 1, "permission_type": "edit"}}, {"model": "wagtailcore.grouppagepermission", "pk": 6, "fields": {"group": 1, "page": 1, "permission_type": "lock"}}, {"model": "wagtailcore.grouppagepermission", "pk": 7, "fields": {"group": 1, "page": 1, "permission_type": "unlock"}}, {"model": "wagtailcore.collection", "pk": 1, "fields": {"path": "0001", "depth": 1, "numchild": 0, "name": "Root"}}, {"model": "wagtailcore.groupcollectionpermission", "pk": 1, "fields": {"group": 2, "collection": 1, "permission": 2}}, {"model": "wagtailcore.groupcollectionpermission", "pk": 2, "fields": {"group": 1, "collection": 1, "permission": 2}}, {"model": "wagtailcore.groupcollectionpermission", "pk": 3, "fields": {"group": 2, "collection": 1, "permission": 3}}, {"model": "wagtailcore.groupcollectionpermission", "pk": 4, "fields": {"group": 1, "collection": 1, "permission": 3}}, {"model": "wagtailcore.groupcollectionpermission", "pk": 5, "fields": {"group": 2, "collection": 1, "permission": 5}}, {"model": "wagtailcore.groupcollectionpermission", "pk": 6, "fields": {"group": 1, "collection": 1, "permission": 5}}, {"model": "wagtailcore.groupcollectionpermission", "pk": 7, "fields": {"group": 2, "collection": 1, "permission": 6}}, {"model": "wagtailcore.groupcollectionpermission", "pk": 8, "fields": {"group": 1, "collection": 1, "permission": 6}}, {"model": "wagtailcore.workflowpage", "pk": 1, "fields": {"workflow": 1}}, {"model": "wagtailcore.workflowtask", "pk": 1, "fields": {"sort_order": 0, "workflow": 1, "task": 1}}, {"model": "wagtailcore.task", "pk": 1, "fields": {"name": "Moderators approval", "content_type": 4, "active": true}}, {"model": "wagtailcore.workflow", "pk": 1, "fields": {"name": "Moderators approval", "active": true}}, {"model": "wagtailcore.groupapprovaltask", "pk": 1, "fields": {"groups": [1]}}, {"model": "wagtailcore.pagelogentry", "pk": 1, "fields": {"content_type": 2, "label": "Juan Luis Millán", "action": "wagtail.edit", "data_json": "\"\"", "timestamp": "2021-01-18T09:49:16.649Z", "user": 1, "content_changed": true, "deleted": false, "page": 3, "revision": 1}}, {"model": "wagtailcore.pagelogentry", "pk": 2, "fields": {"content_type": 2, "label": "Articulo 1", "action": "wagtail.create", "data_json": "\"\"", "timestamp": "2021-01-18T09:50:03.301Z", "user": 1, "content_changed": true, "deleted": false, "page": 4, "revision": null}}, {"model": "wagtailcore.pagelogentry", "pk": 3, "fields": {"content_type": 2, "label": "Articulo 1", "action": "wagtail.publish", "data_json": "null", "timestamp": "2021-01-18T09:50:03.526Z", "user": 1, "content_changed": true, "deleted": false, "page": 4, "revision": 2}}, {"model": "wagtailcore.pagelogentry", "pk": 4, "fields": {"content_type": 2, "label": "Juan Luis Millán", "action": "wagtail.edit", "data_json": "\"\"", "timestamp": "2021-01-18T10:09:32.641Z", "user": 1, "content_changed": true, "deleted": false, "page": 3, "revision": 3}}, {"model": "wagtailcore.pagelogentry", "pk": 5, "fields": {"content_type": 2, "label": "Juan Luis Millán", "action": "wagtail.rename", "data_json": "{\"title\": {\"old\": \"Home\", \"new\": \"Juan Luis Mill\\u00e1n\"}}", "timestamp": "2021-01-18T10:09:32.750Z", "user": 1, "content_changed": false, "deleted": false, "page": 3, "revision": 3}}, {"model": "wagtailcore.pagelogentry", "pk": 6, "fields": {"content_type": 2, "label": "Juan Luis Millán", "action": "wagtail.publish", "data_json": "{\"title\": {\"old\": \"Home\", \"new\": \"Juan Luis Mill\\u00e1n\"}}", "timestamp": "2021-01-18T10:09:32.758Z", "user": 1, "content_changed": true, "deleted": false, "page": 3, "revision": 3}}, {"model": "wagtailcore.pagelogentry", "pk": 7, "fields": {"content_type": 2, "label": "Pruebas", "action": "wagtail.create", "data_json": "\"\"", "timestamp": "2021-01-18T10:10:20.974Z", "user": 1, "content_changed": true, "deleted": false, "page": 5, "revision": null}}, {"model": "wagtailcore.pagelogentry", "pk": 8, "fields": {"content_type": 2, "label": "Pruebas", "action": "wagtail.edit", "data_json": "\"\"", "timestamp": "2021-01-18T10:10:26.421Z", "user": 1, "content_changed": true, "deleted": false, "page": 5, "revision": 5}}, {"model": "wagtailcore.pagelogentry", "pk": 9, "fields": {"content_type": 2, "label": "Pruebas", "action": "wagtail.publish", "data_json": "null", "timestamp": "2021-01-18T10:10:26.487Z", "user": 1, "content_changed": false, "deleted": false, "page": 5, "revision": 5}}, {"model": "auth.permission", "pk": 1, "fields": {"name": "Can access Wagtail admin", "content_type": 3, "codename": "access_admin"}}, {"model": "auth.permission", "pk": 2, "fields": {"name": "Can add document", "content_type": 5, "codename": "add_document"}}, {"model": "auth.permission", "pk": 3, "fields": {"name": "Can change document", "content_type": 5, "codename": "change_document"}}, {"model": "auth.permission", "pk": 4, "fields": {"name": "Can delete document", "content_type": 5, "codename": "delete_document"}}, {"model": "auth.permission", "pk": 5, "fields": {"name": "Can add image", "content_type": 6, "codename": "add_image"}}, {"model": "auth.permission", "pk": 6, "fields": {"name": "Can change image", "content_type": 6, "codename": "change_image"}}, {"model": "auth.permission", "pk": 7, "fields": {"name": "Can delete image", "content_type": 6, "codename": "delete_image"}}, {"model": "auth.permission", "pk": 8, "fields": {"name": "Can add home page", "content_type": 2, "codename": "add_homepage"}}, {"model": "auth.permission", "pk": 9, "fields": {"name": "Can change home page", "content_type": 2, "codename": "change_homepage"}}, {"model": "auth.permission", "pk": 10, "fields": {"name": "Can delete home page", "content_type": 2, "codename": "delete_homepage"}}, {"model": "auth.permission", "pk": 11, "fields": {"name": "Can view home page", "content_type": 2, "codename": "view_homepage"}}, {"model": "auth.permission", "pk": 12, "fields": {"name": "Can add form submission", "content_type": 7, "codename": "add_formsubmission"}}, {"model": "auth.permission", "pk": 13, "fields": {"name": "Can change form submission", "content_type": 7, "codename": "change_formsubmission"}}, {"model": "auth.permission", "pk": 14, "fields": {"name": "Can delete form submission", "content_type": 7, "codename": "delete_formsubmission"}}, {"model": "auth.permission", "pk": 15, "fields": {"name": "Can view form submission", "content_type": 7, "codename": "view_formsubmission"}}, {"model": "auth.permission", "pk": 16, "fields": {"name": "Can add redirect", "content_type": 8, "codename": "add_redirect"}}, {"model": "auth.permission", "pk": 17, "fields": {"name": "Can change redirect", "content_type": 8, "codename": "change_redirect"}}, {"model": "auth.permission", "pk": 18, "fields": {"name": "Can delete redirect", "content_type": 8, "codename": "delete_redirect"}}, {"model": "auth.permission", "pk": 19, "fields": {"name": "Can view redirect", "content_type": 8, "codename": "view_redirect"}}, {"model": "auth.permission", "pk": 20, "fields": {"name": "Can add embed", "content_type": 9, "codename": "add_embed"}}, {"model": "auth.permission", "pk": 21, "fields": {"name": "Can change embed", "content_type": 9, "codename": "change_embed"}}, {"model": "auth.permission", "pk": 22, "fields": {"name": "Can delete embed", "content_type": 9, "codename": "delete_embed"}}, {"model": "auth.permission", "pk": 23, "fields": {"name": "Can view embed", "content_type": 9, "codename": "view_embed"}}, {"model": "auth.permission", "pk": 24, "fields": {"name": "Can add user profile", "content_type": 10, "codename": "add_userprofile"}}, {"model": "auth.permission", "pk": 25, "fields": {"name": "Can change user profile", "content_type": 10, "codename": "change_userprofile"}}, {"model": "auth.permission", "pk": 26, "fields": {"name": "Can delete user profile", "content_type": 10, "codename": "delete_userprofile"}}, {"model": "auth.permission", "pk": 27, "fields": {"name": "Can view user profile", "content_type": 10, "codename": "view_userprofile"}}, {"model": "auth.permission", "pk": 28, "fields": {"name": "Can view document", "content_type": 5, "codename": "view_document"}}, {"model": "auth.permission", "pk": 29, "fields": {"name": "Can view image", "content_type": 6, "codename": "view_image"}}, {"model": "auth.permission", "pk": 30, "fields": {"name": "Can add rendition", "content_type": 11, "codename": "add_rendition"}}, {"model": "auth.permission", "pk": 31, "fields": {"name": "Can change rendition", "content_type": 11, "codename": "change_rendition"}}, {"model": "auth.permission", "pk": 32, "fields": {"name": "Can delete rendition", "content_type": 11, "codename": "delete_rendition"}}, {"model": "auth.permission", "pk": 33, "fields": {"name": "Can view rendition", "content_type": 11, "codename": "view_rendition"}}, {"model": "auth.permission", "pk": 34, "fields": {"name": "Can add uploaded image", "content_type": 12, "codename": "add_uploadedimage"}}, {"model": "auth.permission", "pk": 35, "fields": {"name": "Can change uploaded image", "content_type": 12, "codename": "change_uploadedimage"}}, {"model": "auth.permission", "pk": 36, "fields": {"name": "Can delete uploaded image", "content_type": 12, "codename": "delete_uploadedimage"}}, {"model": "auth.permission", "pk": 37, "fields": {"name": "Can view uploaded image", "content_type": 12, "codename": "view_uploadedimage"}}, {"model": "auth.permission", "pk": 38, "fields": {"name": "Can add query", "content_type": 13, "codename": "add_query"}}, {"model": "auth.permission", "pk": 39, "fields": {"name": "Can change query", "content_type": 13, "codename": "change_query"}}, {"model": "auth.permission", "pk": 40, "fields": {"name": "Can delete query", "content_type": 13, "codename": "delete_query"}}, {"model": "auth.permission", "pk": 41, "fields": {"name": "Can view query", "content_type": 13, "codename": "view_query"}}, {"model": "auth.permission", "pk": 42, "fields": {"name": "Can add Query Daily Hits", "content_type": 14, "codename": "add_querydailyhits"}}, {"model": "auth.permission", "pk": 43, "fields": {"name": "Can change Query Daily Hits", "content_type": 14, "codename": "change_querydailyhits"}}, {"model": "auth.permission", "pk": 44, "fields": {"name": "Can delete Query Daily Hits", "content_type": 14, "codename": "delete_querydailyhits"}}, {"model": "auth.permission", "pk": 45, "fields": {"name": "Can view Query Daily Hits", "content_type": 14, "codename": "view_querydailyhits"}}, {"model": "auth.permission", "pk": 46, "fields": {"name": "Can add page", "content_type": 1, "codename": "add_page"}}, {"model": "auth.permission", "pk": 47, "fields": {"name": "Can change page", "content_type": 1, "codename": "change_page"}}, {"model": "auth.permission", "pk": 48, "fields": {"name": "Can delete page", "content_type": 1, "codename": "delete_page"}}, {"model": "auth.permission", "pk": 49, "fields": {"name": "Can view page", "content_type": 1, "codename": "view_page"}}, {"model": "auth.permission", "pk": 50, "fields": {"name": "Can add group page permission", "content_type": 15, "codename": "add_grouppagepermission"}}, {"model": "auth.permission", "pk": 51, "fields": {"name": "Can change group page permission", "content_type": 15, "codename": "change_grouppagepermission"}}, {"model": "auth.permission", "pk": 52, "fields": {"name": "Can delete group page permission", "content_type": 15, "codename": "delete_grouppagepermission"}}, {"model": "auth.permission", "pk": 53, "fields": {"name": "Can view group page permission", "content_type": 15, "codename": "view_grouppagepermission"}}, {"model": "auth.permission", "pk": 54, "fields": {"name": "Can add page revision", "content_type": 16, "codename": "add_pagerevision"}}, {"model": "auth.permission", "pk": 55, "fields": {"name": "Can change page revision", "content_type": 16, "codename": "change_pagerevision"}}, {"model": "auth.permission", "pk": 56, "fields": {"name": "Can delete page revision", "content_type": 16, "codename": "delete_pagerevision"}}, {"model": "auth.permission", "pk": 57, "fields": {"name": "Can view page revision", "content_type": 16, "codename": "view_pagerevision"}}, {"model": "auth.permission", "pk": 58, "fields": {"name": "Can add page view restriction", "content_type": 17, "codename": "add_pageviewrestriction"}}, {"model": "auth.permission", "pk": 59, "fields": {"name": "Can change page view restriction", "content_type": 17, "codename": "change_pageviewrestriction"}}, {"model": "auth.permission", "pk": 60, "fields": {"name": "Can delete page view restriction", "content_type": 17, "codename": "delete_pageviewrestriction"}}, {"model": "auth.permission", "pk": 61, "fields": {"name": "Can view page view restriction", "content_type": 17, "codename": "view_pageviewrestriction"}}, {"model": "auth.permission", "pk": 62, "fields": {"name": "Can add site", "content_type": 18, "codename": "add_site"}}, {"model": "auth.permission", "pk": 63, "fields": {"name": "Can change site", "content_type": 18, "codename": "change_site"}}, {"model": "auth.permission", "pk": 64, "fields": {"name": "Can delete site", "content_type": 18, "codename": "delete_site"}}, {"model": "auth.permission", "pk": 65, "fields": {"name": "Can view site", "content_type": 18, "codename": "view_site"}}, {"model": "auth.permission", "pk": 66, "fields": {"name": "Can add collection", "content_type": 19, "codename": "add_collection"}}, {"model": "auth.permission", "pk": 67, "fields": {"name": "Can change collection", "content_type": 19, "codename": "change_collection"}}, {"model": "auth.permission", "pk": 68, "fields": {"name": "Can delete collection", "content_type": 19, "codename": "delete_collection"}}, {"model": "auth.permission", "pk": 69, "fields": {"name": "Can view collection", "content_type": 19, "codename": "view_collection"}}, {"model": "auth.permission", "pk": 70, "fields": {"name": "Can add group collection permission", "content_type": 20, "codename": "add_groupcollectionpermission"}}, {"model": "auth.permission", "pk": 71, "fields": {"name": "Can change group collection permission", "content_type": 20, "codename": "change_groupcollectionpermission"}}, {"model": "auth.permission", "pk": 72, "fields": {"name": "Can delete group collection permission", "content_type": 20, "codename": "delete_groupcollectionpermission"}}, {"model": "auth.permission", "pk": 73, "fields": {"name": "Can view group collection permission", "content_type": 20, "codename": "view_groupcollectionpermission"}}, {"model": "auth.permission", "pk": 74, "fields": {"name": "Can add collection view restriction", "content_type": 21, "codename": "add_collectionviewrestriction"}}, {"model": "auth.permission", "pk": 75, "fields": {"name": "Can change collection view restriction", "content_type": 21, "codename": "change_collectionviewrestriction"}}, {"model": "auth.permission", "pk": 76, "fields": {"name": "Can delete collection view restriction", "content_type": 21, "codename": "delete_collectionviewrestriction"}}, {"model": "auth.permission", "pk": 77, "fields": {"name": "Can view collection view restriction", "content_type": 21, "codename": "view_collectionviewrestriction"}}, {"model": "auth.permission", "pk": 78, "fields": {"name": "Can add task", "content_type": 22, "codename": "add_task"}}, {"model": "auth.permission", "pk": 79, "fields": {"name": "Can change task", "content_type": 22, "codename": "change_task"}}, {"model": "auth.permission", "pk": 80, "fields": {"name": "Can delete task", "content_type": 22, "codename": "delete_task"}}, {"model": "auth.permission", "pk": 81, "fields": {"name": "Can view task", "content_type": 22, "codename": "view_task"}}, {"model": "auth.permission", "pk": 82, "fields": {"name": "Can add Task state", "content_type": 23, "codename": "add_taskstate"}}, {"model": "auth.permission", "pk": 83, "fields": {"name": "Can change Task state", "content_type": 23, "codename": "change_taskstate"}}, {"model": "auth.permission", "pk": 84, "fields": {"name": "Can delete Task state", "content_type": 23, "codename": "delete_taskstate"}}, {"model": "auth.permission", "pk": 85, "fields": {"name": "Can view Task state", "content_type": 23, "codename": "view_taskstate"}}, {"model": "auth.permission", "pk": 86, "fields": {"name": "Can add workflow", "content_type": 24, "codename": "add_workflow"}}, {"model": "auth.permission", "pk": 87, "fields": {"name": "Can change workflow", "content_type": 24, "codename": "change_workflow"}}, {"model": "auth.permission", "pk": 88, "fields": {"name": "Can delete workflow", "content_type": 24, "codename": "delete_workflow"}}, {"model": "auth.permission", "pk": 89, "fields": {"name": "Can view workflow", "content_type": 24, "codename": "view_workflow"}}, {"model": "auth.permission", "pk": 90, "fields": {"name": "Can add Group approval task", "content_type": 4, "codename": "add_groupapprovaltask"}}, {"model": "auth.permission", "pk": 91, "fields": {"name": "Can change Group approval task", "content_type": 4, "codename": "change_groupapprovaltask"}}, {"model": "auth.permission", "pk": 92, "fields": {"name": "Can delete Group approval task", "content_type": 4, "codename": "delete_groupapprovaltask"}}, {"model": "auth.permission", "pk": 93, "fields": {"name": "Can view Group approval task", "content_type": 4, "codename": "view_groupapprovaltask"}}, {"model": "auth.permission", "pk": 94, "fields": {"name": "Can add Workflow state", "content_type": 25, "codename": "add_workflowstate"}}, {"model": "auth.permission", "pk": 95, "fields": {"name": "Can change Workflow state", "content_type": 25, "codename": "change_workflowstate"}}, {"model": "auth.permission", "pk": 96, "fields": {"name": "Can delete Workflow state", "content_type": 25, "codename": "delete_workflowstate"}}, {"model": "auth.permission", "pk": 97, "fields": {"name": "Can view Workflow state", "content_type": 25, "codename": "view_workflowstate"}}, {"model": "auth.permission", "pk": 98, "fields": {"name": "Can add workflow page", "content_type": 26, "codename": "add_workflowpage"}}, {"model": "auth.permission", "pk": 99, "fields": {"name": "Can change workflow page", "content_type": 26, "codename": "change_workflowpage"}}, {"model": "auth.permission", "pk": 100, "fields": {"name": "Can delete workflow page", "content_type": 26, "codename": "delete_workflowpage"}}, {"model": "auth.permission", "pk": 101, "fields": {"name": "Can view workflow page", "content_type": 26, "codename": "view_workflowpage"}}, {"model": "auth.permission", "pk": 102, "fields": {"name": "Can add workflow task order", "content_type": 27, "codename": "add_workflowtask"}}, {"model": "auth.permission", "pk": 103, "fields": {"name": "Can change workflow task order", "content_type": 27, "codename": "change_workflowtask"}}, {"model": "auth.permission", "pk": 104, "fields": {"name": "Can delete workflow task order", "content_type": 27, "codename": "delete_workflowtask"}}, {"model": "auth.permission", "pk": 105, "fields": {"name": "Can view workflow task order", "content_type": 27, "codename": "view_workflowtask"}}, {"model": "auth.permission", "pk": 106, "fields": {"name": "Can add page log entry", "content_type": 28, "codename": "add_pagelogentry"}}, {"model": "auth.permission", "pk": 107, "fields": {"name": "Can change page log entry", "content_type": 28, "codename": "change_pagelogentry"}}, {"model": "auth.permission", "pk": 108, "fields": {"name": "Can delete page log entry", "content_type": 28, "codename": "delete_pagelogentry"}}, {"model": "auth.permission", "pk": 109, "fields": {"name": "Can view page log entry", "content_type": 28, "codename": "view_pagelogentry"}}, {"model": "auth.permission", "pk": 110, "fields": {"name": "Can add locale", "content_type": 29, "codename": "add_locale"}}, {"model": "auth.permission", "pk": 111, "fields": {"name": "Can change locale", "content_type": 29, "codename": "change_locale"}}, {"model": "auth.permission", "pk": 112, "fields": {"name": "Can delete locale", "content_type": 29, "codename": "delete_locale"}}, {"model": "auth.permission", "pk": 113, "fields": {"name": "Can view locale", "content_type": 29, "codename": "view_locale"}}, {"model": "auth.permission", "pk": 114, "fields": {"name": "Can add tag", "content_type": 30, "codename": "add_tag"}}, {"model": "auth.permission", "pk": 115, "fields": {"name": "Can change tag", "content_type": 30, "codename": "change_tag"}}, {"model": "auth.permission", "pk": 116, "fields": {"name": "Can delete tag", "content_type": 30, "codename": "delete_tag"}}, {"model": "auth.permission", "pk": 117, "fields": {"name": "Can view tag", "content_type": 30, "codename": "view_tag"}}, {"model": "auth.permission", "pk": 118, "fields": {"name": "Can add tagged item", "content_type": 31, "codename": "add_taggeditem"}}, {"model": "auth.permission", "pk": 119, "fields": {"name": "Can change tagged item", "content_type": 31, "codename": "change_taggeditem"}}, {"model": "auth.permission", "pk": 120, "fields": {"name": "Can delete tagged item", "content_type": 31, "codename": "delete_taggeditem"}}, {"model": "auth.permission", "pk": 121, "fields": {"name": "Can view tagged item", "content_type": 31, "codename": "view_taggeditem"}}, {"model": "auth.permission", "pk": 122, "fields": {"name": "Can add log entry", "content_type": 32, "codename": "add_logentry"}}, {"model": "auth.permission", "pk": 123, "fields": {"name": "Can change log entry", "content_type": 32, "codename": "change_logentry"}}, {"model": "auth.permission", "pk": 124, "fields": {"name": "Can delete log entry", "content_type": 32, "codename": "delete_logentry"}}, {"model": "auth.permission", "pk": 125, "fields": {"name": "Can view log entry", "content_type": 32, "codename": "view_logentry"}}, {"model": "auth.permission", "pk": 126, "fields": {"name": "Can add permission", "content_type": 33, "codename": "add_permission"}}, {"model": "auth.permission", "pk": 127, "fields": {"name": "Can change permission", "content_type": 33, "codename": "change_permission"}}, {"model": "auth.permission", "pk": 128, "fields": {"name": "Can delete permission", "content_type": 33, "codename": "delete_permission"}}, {"model": "auth.permission", "pk": 129, "fields": {"name": "Can view permission", "content_type": 33, "codename": "view_permission"}}, {"model": "auth.permission", "pk": 130, "fields": {"name": "Can add group", "content_type": 34, "codename": "add_group"}}, {"model": "auth.permission", "pk": 131, "fields": {"name": "Can change group", "content_type": 34, "codename": "change_group"}}, {"model": "auth.permission", "pk": 132, "fields": {"name": "Can delete group", "content_type": 34, "codename": "delete_group"}}, {"model": "auth.permission", "pk": 133, "fields": {"name": "Can view group", "content_type": 34, "codename": "view_group"}}, {"model": "auth.permission", "pk": 134, "fields": {"name": "Can add user", "content_type": 35, "codename": "add_user"}}, {"model": "auth.permission", "pk": 135, "fields": {"name": "Can change user", "content_type": 35, "codename": "change_user"}}, {"model": "auth.permission", "pk": 136, "fields": {"name": "Can delete user", "content_type": 35, "codename": "delete_user"}}, {"model": "auth.permission", "pk": 137, "fields": {"name": "Can view user", "content_type": 35, "codename": "view_user"}}, {"model": "auth.permission", "pk": 138, "fields": {"name": "Can add content type", "content_type": 36, "codename": "add_contenttype"}}, {"model": "auth.permission", "pk": 139, "fields": {"name": "Can change content type", "content_type": 36, "codename": "change_contenttype"}}, {"model": "auth.permission", "pk": 140, "fields": {"name": "Can delete content type", "content_type": 36, "codename": "delete_contenttype"}}, {"model": "auth.permission", "pk": 141, "fields": {"name": "Can view content type", "content_type": 36, "codename": "view_contenttype"}}, {"model": "auth.permission", "pk": 142, "fields": {"name": "Can add session", "content_type": 37, "codename": "add_session"}}, {"model": "auth.permission", "pk": 143, "fields": {"name": "Can change session", "content_type": 37, "codename": "change_session"}}, {"model": "auth.permission", "pk": 144, "fields": {"name": "Can delete session", "content_type": 37, "codename": "delete_session"}}, {"model": "auth.permission", "pk": 145, "fields": {"name": "Can view session", "content_type": 37, "codename": "view_session"}}, {"model": "auth.group", "pk": 1, "fields": {"name": "Moderators", "permissions": [1, 2, 3, 4, 5, 6, 7]}}, {"model": "auth.group", "pk": 2, "fields": {"name": "Editors", "permissions": [1, 2, 3, 4, 5, 6, 7]}}, {"model": "auth.user", "pk": 1, "fields": {"password": "pbkdf2_sha256$216000$TfdxtBY3Sw2M$8cwum7QSCYwZ7fF0tJ0qSD73GqdVQfzogL3jc8YcfdA=", "last_login": "2021-01-18T09:39:15.669Z", "is_superuser": true, "username": "juanlu", "first_name": "", "last_name": "", "email": "juanlu@gmail.com", "is_staff": true, "is_active": true, "date_joined": "2021-01-18T09:28:22.965Z", "groups": [], "user_permissions": []}}, {"model": "contenttypes.contenttype", "pk": 1, "fields": {"app_label": "wagtailcore", "model": "page"}}, {"model": "contenttypes.contenttype", "pk": 2, "fields": {"app_label": "home", "model": "homepage"}}, {"model": "contenttypes.contenttype", "pk": 3, "fields": {"app_label": "wagtailadmin", "model": "admin"}}, {"model": "contenttypes.contenttype", "pk": 4, "fields": {"app_label": "wagtailcore", "model": "groupapprovaltask"}}, {"model": "contenttypes.contenttype", "pk": 5, "fields": {"app_label": "wagtaildocs", "model": "document"}}, {"model": "contenttypes.contenttype", "pk": 6, "fields": {"app_label": "wagtailimages", "model": "image"}}, {"model": "contenttypes.contenttype", "pk": 7, "fields": {"app_label": "wagtailforms", "model": "formsubmission"}}, {"model": "contenttypes.contenttype", "pk": 8, "fields": {"app_label": "wagtailredirects", "model": "redirect"}}, {"model": "contenttypes.contenttype", "pk": 9, "fields": {"app_label": "wagtailembeds", "model": "embed"}}, {"model": "contenttypes.contenttype", "pk": 10, "fields": {"app_label": "wagtailusers", "model": "userprofile"}}, {"model": "contenttypes.contenttype", "pk": 11, "fields": {"app_label": "wagtailimages", "model": "rendition"}}, {"model": "contenttypes.contenttype", "pk": 12, "fields": {"app_label": "wagtailimages", "model": "uploadedimage"}}, {"model": "contenttypes.contenttype", "pk": 13, "fields": {"app_label": "wagtailsearch", "model": "query"}}, {"model": "contenttypes.contenttype", "pk": 14, "fields": {"app_label": "wagtailsearch", "model": "querydailyhits"}}, {"model": "contenttypes.contenttype", "pk": 15, "fields": {"app_label": "wagtailcore", "model": "grouppagepermission"}}, {"model": "contenttypes.contenttype", "pk": 16, "fields": {"app_label": "wagtailcore", "model": "pagerevision"}}, {"model": "contenttypes.contenttype", "pk": 17, "fields": {"app_label": "wagtailcore", "model": "pageviewrestriction"}}, {"model": "contenttypes.contenttype", "pk": 18, "fields": {"app_label": "wagtailcore", "model": "site"}}, {"model": "contenttypes.contenttype", "pk": 19, "fields": {"app_label": "wagtailcore", "model": "collection"}}, {"model": "contenttypes.contenttype", "pk": 20, "fields": {"app_label": "wagtailcore", "model": "groupcollectionpermission"}}, {"model": "contenttypes.contenttype", "pk": 21, "fields": {"app_label": "wagtailcore", "model": "collectionviewrestriction"}}, {"model": "contenttypes.contenttype", "pk": 22, "fields": {"app_label": "wagtailcore", "model": "task"}}, {"model": "contenttypes.contenttype", "pk": 23, "fields": {"app_label": "wagtailcore", "model": "taskstate"}}, {"model": "contenttypes.contenttype", "pk": 24, "fields": {"app_label": "wagtailcore", "model": "workflow"}}, {"model": "contenttypes.contenttype", "pk": 25, "fields": {"app_label": "wagtailcore", "model": "workflowstate"}}, {"model": "contenttypes.contenttype", "pk": 26, "fields": {"app_label": "wagtailcore", "model": "workflowpage"}}, {"model": "contenttypes.contenttype", "pk": 27, "fields": {"app_label": "wagtailcore", "model": "workflowtask"}}, {"model": "contenttypes.contenttype", "pk": 28, "fields": {"app_label": "wagtailcore", "model": "pagelogentry"}}, {"model": "contenttypes.contenttype", "pk": 29, "fields": {"app_label": "wagtailcore", "model": "locale"}}, {"model": "contenttypes.contenttype", "pk": 30, "fields": {"app_label": "taggit", "model": "tag"}}, {"model": "contenttypes.contenttype", "pk": 31, "fields": {"app_label": "taggit", "model": "taggeditem"}}, {"model": "contenttypes.contenttype", "pk": 32, "fields": {"app_label": "admin", "model": "logentry"}}, {"model": "contenttypes.contenttype", "pk": 33, "fields": {"app_label": "auth", "model": "permission"}}, {"model": "contenttypes.contenttype", "pk": 34, "fields": {"app_label": "auth", "model": "group"}}, {"model": "contenttypes.contenttype", "pk": 35, "fields": {"app_label": "auth", "model": "user"}}, {"model": "contenttypes.contenttype", "pk": 36, "fields": {"app_label": "contenttypes", "model": "contenttype"}}, {"model": "contenttypes.contenttype", "pk": 37, "fields": {"app_label": "sessions", "model": "session"}}, {"model": "sessions.session", "pk": "e35bfo7vh4qy9n2mi0iq49u68tpbdx0n", "fields": {"session_data": ".eJx9UVmP0zAQ_i-RkpfuVnaaqyvloQcIQfvAIroPCEUTe5J469pp7PRa8d9xaVV2ESBZ1sx3zHg8L14BvW2K3mBXCO49eNS7e42VwNaozgR_BlXrIdPKdqIcniXDK2uGS81RTq_aNwUaMI1zkwRCBrRiUZmQsCRlSumYkYhhChnLqjKuICozChVUCY8SQJpwTOmIxBmyiLiie6gtCHnfdrgTuL_3Hr55zHTVRnAucQ8dWu365-8_b9fJKtpOxOHpuclmy3d0wXZIZvxwOlDYLWry2Iw329VqUc5P9GuykmS3-PRhs4SxfoIyUHiweWCFlZh_7EENFr0wg6WQ0p-N_AlVQan5MffTqR-GpdRsbVzgjyZ-PL2AazxekTBsTtRsz1k4c7d1tW_UVOp6wHHw1ya_LccWb5ZeGXuUyG8sx9Y2F5pcEKGkUPjlLHt0K8NXj4vnFwkqN93xXywHC1fUTZPOz-etcwntH4LAyL7OG73BwKAuLp_33_kC0-h9IVSxQdWbXDsAoWNNwdGwTrRWaJUHtS6k2GEBbiN4aEX3K_TuaELJOIniOBuGcRQlJPv-4yddbeDG:1l1RTK:NtDkhOcfAafc-eneAivmQLLKiJUP8PGcWT85EKihclU", "expire_date": "2021-02-01T10:09:18.290Z"}}]